Distillery;Location;Region;Foundation Year;Owner;Closing Year;Is Closed;Is Demolished;Type of Whisky;URL;Coordinates;Founded;Status;Water source;No. of stills;Capacity;Website;Mothballed;Age(s);Cask type(s);Founder;ABV;Type;Architect;Opened;Annual production volume;Owned by;Characteristics;Company type;Industry;Latitude;Longitude;Image
Aberargie;;Lowland;2017;;;False;False;Malt Whisky;https://en.wikipedia.org/w/index.php?title=Aberargie_distillery&action=edit&redlink=1;;;;;;;;;;;;;;;;;;;;;;;
Aberfeldy;;Highland;1896;John Dewar & Sons(Bacardi);;False;False;Malt Whisky;https://en.wikipedia.org/wiki/Aberfeldy_distillery;;1896;Operational;Pitilie Burn;2 wash stills2 spirit stills [1];3,500,000 litres;;;18 Years;American White Oak, Ex-Bourbon Casks (Main);;43%;Single malt;;;;;;;;56.626944;-3.847222;/wiki/File:Aberfeldy_Distillery.jpg
Aberlour;Aberlour;Speyside;1879;Chivas Brothers(Pernod Ricard)[1];;False;False;Malt Whisky;https://en.wikipedia.org/wiki/Aberlour_distillery;;1879;Active;Birkenbush, Target spring;2 Wash stills: each 21,310 L[2]2 Spirit stills: 20,000 L and 15,456 L[2];3.900,000 L;www.aberlour.com;;;;James Fleming;;;;;;;;;;57.474444;-3.220278;/wiki/File:Aberlour_Distillery_-_panoramio.jpg
Abhainn Dearg;Uig, Isle of Lewis;Island;2008;;;False;False;Malt Whisky;https://en.wikipedia.org/wiki/Abhainn_Dearg_distillery;;2008 [1];;;;;;;newmake spirit, 3 years;American White Oak, Ex-Bourbon Casks (Main) Ex Sherry Casks;;46%, 56%, 58%;Single malt, Scotch;;;;;;;;58.169444;-7.033889;/wiki/File:Abhainn_Dearg_Distillery_-_panoramio.jpg
Ailsa Bay;South Ayrshire;Lowland;2009;William Grant & Sons;;False;False;Malt Whisky;https://en.wikipedia.org/wiki/Ailsa_Bay_distillery;;2009;;Penwapple reservoir;8 wash stills8 spirit stills;12,000,000 liters;Ailsa Bay distillery;;;;;;;;;;;;;;55.2609;-4.835;
Allt-A-Bhainne;;Speyside;1975;Chivas Brothers(Pernod Ricard);;False;False;Malt Whisky;https://en.wikipedia.org/wiki/Allt-A-Bhainne_distillery;;1975;Active;Springs on Benrinnes;2 wash stills2 spirit stills;4,000,000 litres;;;;;;;;;;;;;;;57.389722;-3.203333;/wiki/File:Allt-a-Bhainne_Distillery.jpg
Annandale;Annandale, Dumfries and Galloway;Lowland;1836;Annandale Distillery Company;;False;False;Malt Whisky;https://en.wikipedia.org/wiki/Annandale_distillery;;1836;Active;Bore Hole on site;1 wash still2 spirit stills;260,000 L;https://www.annandaledistillery.com/;;;;;;;;;;;;;;55.001681;-3.255708;/wiki/File:Annandale_Distillery,_Annan,_Dumfries_%26_Galloway._View_from_the_main_road.jpg
Arbikie;Inverkeilor;Highland;2013;Stirling family;;False;False;Malt Whisky;https://en.wikipedia.org/wiki/Arbikie_distillery;;2013;;;1 wash stills1 spirit stills;200,000 L;arbikie.com;;;;;;;;;;;;;;56.665607;-2.527366;
Ardbeg;;Islay;1815;LVMH;;False;False;Malt Whisky;https://en.wikipedia.org/wiki/Ardbeg_distillery;;1815;Operational;Loch Uigeadail;1 wash (18,000 L)1 spirit (17,000 L)[1];1,250,000 litres;;;10 Years;Bourbon, Sherry;;;Single Malt Scotch Whisky;;;;;;;;55.643889;-6.101667;/wiki/File:Ardbeg_Distillery,_Islay_-_geograph.org.uk_-_4150964.jpg
Ardgowan;Inverkip, Scotland, UK;Lowland;1896;;;False;False;Malt Whisky;https://en.wikipedia.org/wiki/Ardgowan_distillery;;1896 (original distillery)2016 (modern distillery);Active;;;;;;;;;;;;;;;;;;;;/wiki/File:Baker_Street_-_geograph.org.uk_-_610893.jpg
Ardmore;Kennethmont, Scotland, UK;Highland;1898;Suntory Global Spirits;;False;False;Malt Whisky;https://en.wikipedia.org/wiki/Ardmore_distillery;;1898;Operational;Springs on Knockandy Hill;4 wash stills (15,000 each)4 spirit stills (15,000 each)[1];5,530,000 litres;www.ardmorewhisky.com;;Traditional, Triple Wood, Legacy (NAS), 12 years (Port Wood), 25 years, 30 years;American white oak ex-bourbon casks (first)quarter-casks (second)Port Wood (finish);;;Single malt;;;;;;;;57.355833;-2.745556;/wiki/File:Ardmore_Distillery_-_geograph.org.uk_-_1275892.jpg
Ardnahoe;Port Askaig;Islay;2019;Hunter Laing & Company,;;False;False;Malt Whisky;https://en.wikipedia.org/wiki/Ardnahoe_distillery;;2019;;Ardnahoe Loch;1 wash still1 spirit still;900,000 L;;;;;;;;;;;;;;;55.868985;-6.117463;/wiki/File:Ardnahoe_Distillery_-_geograph.org.uk_-_5774822.jpg
Ardnamurchan;Ardnamurchan;Highland;2014;Adelphi;;False;False;Malt Whisky;https://en.wikipedia.org/wiki/Ardnamurchan_distillery;;2014;;Glenmore River and springs above the distillery;1 wash still1 spirit still;500,000 L;;;;;;;;;;;;;;;56.6920;-5.9396;/wiki/File:Ardnamurchan_Distillery_-_established_2013_-_geograph.org.uk_-_5330534.jpg
Ardross;Alness, Scotland;Highland;2019;Greenwood Distillers;;False;False;Malt Whisky;https://en.wikipedia.org/wiki/Ardross_distillery;;2019;;Loch Dubh;1 wash still1 spirit still;1,000,000 L;;;;;;;;;;;;;;;57.745556;-4.338889;
Arran;Lochranza, Isle of Arran;Island;1995;Isle of Arran Distillers Ltd;;False;False;Malt Whisky;https://en.wikipedia.org/wiki/Arran_distillery;;1995;Operational;Loch na Davie;2 wash stills2 spirit stills[1];750,000 Litres/per annum;;;10 Years, 12 Years, 14 Years, 18 years, 21 years, 25 years;American White Oak, Ex-Bourbon Casks (Main) Ex Sherry Casks;;46%;Blended scotch;;;;;;;;55.694722;-5.271111;/wiki/File:Arran_Distillery,_Lochranza_,_Isle_of_Arran.jpg
Auchentoshan;Dalmuir, Scotland;Lowland;1823;Suntory Global Spirits;;False;False;Malt Whisky;https://en.wikipedia.org/wiki/Auchentoshan_distillery;;1823[1];Operational;Loch Katrine (Production) & Loch Cochno (Cooling)[2];1 wash still[2]1 middle still[2]1 spirit still[2];1,800,000 litres[2];http://www.auchentoshan.com/;;12 Years18 Years21 Years;10 Years matured in American Bourbon with 1 year Oloroso finish and then 1 year Pedro Ximenez finish;;43%[3];Single Malt;;;;;;;;55.922;-4.439;/wiki/File:Auchentoshan_Distillery_-_panoramio.jpg
Auchroisk;Mulben, Banffshire;Speyside;1972;Diageo;;False;False;Malt Whisky;https://en.wikipedia.org/wiki/Auchroisk_distillery;;1972;Active;Dorie's Well;4 wash stills4 spirit stills[1];3,100,000 litres of pure alcohol per year;;;;;Justerini & Brooks;;;;;;;;;;57.54800;-3.11553﻿ (Auchroisk distillery);/wiki/File:Auchroisk_Distillery.jpg
Aultmore;Keith, Banffshire;Speyside;1895;John Dewar & Sons(Bacardi);;False;False;Malt Whisky;https://en.wikipedia.org/wiki/Aultmore_distillery;;1895;Open;Auchinderran burn;2 wash stills2 spirit stills[1];2,100,000 litres of pure alcohol per year;;;12 years;;Alexander Edward;46%;;;;;;;;;57.5673;-3.0021;/wiki/File:Aultmore_Distillery_-_geograph.org.uk_-_86359.jpg
Balblair;Edderton;Highland;1790;Inver House Distillers;;False;False;Malt Whisky;https://en.wikipedia.org/wiki/Balblair_distillery;;1790;Operational;The Allt Dearg;1 wash still (20,000l)1 spirit still (8,500l)[1];1,800,000 litres of alcohol;;;;;;;;;;;;;;;57.847222;-4.169444;/wiki/File:Balblair_Distillery_(geograph_6427804).jpg
Ballindalloch;Ballindalloch, Banffshire;Speyside;2014;Macpherson-Grant family;;False;False;Malt Whisky;https://en.wikipedia.org/wiki/Ballindalloch_distillery;;2014;Operational;Garline Springs;1 Wash Still1 Spirit Still;100,000 L;;;;;;;;;;;;;;;;;/wiki/File:Ballindalloch_Distillery_-_geograph.org.uk_-_5980691.jpg
Balmenach;Cromdale, Scotland;Speyside;1824;Inver House Distillers;;False;False;Malt Whisky;https://en.wikipedia.org/wiki/Balmenach_distillery;;1824;Active;Spring on the Cromdale Hills;3 wash stills, 3 spirit stills[1];2,000,000 litres of alcohol;;;;;;;;;;;;;;;57.321944;-3.542222;/wiki/File:Balmenach_Distillery_-_geograph.org.uk_-_3457850.jpg
Balvenie;Dufftown;Speyside;1892;William Grant & Sons;;False;False;Malt Whisky;https://en.wikipedia.org/wiki/Balvenie_distillery;;1892;Operational;Robbie Dubh;5 Wash Stills6 Spirit Stills[1];5,600,000 litres;;;10-year-old12-year-old14-year-old15-year-old17-year-old18-year-old21-year-old25-year-old30-year-oldvarious vintages;Bourbon, Sherry, Port, Rum, Madeira;;;;;;;;;;;57.4575;-3.118611;/wiki/File:Balvenie_Distillery,_Dufftown_-_geograph.org.uk_-_162696.jpg
Ben Nevis;Fort William;Highland;1825;Nikka;;False;False;Malt Whisky;https://en.wikipedia.org/wiki/Ben_Nevis_distillery;;1825;Operational;Allt a'Mhuilinn;2 wash (25,000 Liters)2 spirit (20,000 Liters)[1];2,000,000 litres;;;10-year-old;;;;Single malt;;;;;;;;56.847222;-5.067778;/wiki/File:Ben_Nevis_Distillery_(38584945072).jpg
Benbecula;;Island;2024;;;False;False;Malt Whisky;https://en.wikipedia.org/w/index.php?title=Benbecula_distillery&action=edit&redlink=1;;;;;;;;;;;;;;;;;;;;;;;
BenRiach;Moray, Scotland;Speyside;1898;Brown-Forman;;False;False;Malt Whisky;https://en.wikipedia.org/wiki/BenRiach_distillery;;1898;Active;Burnside Springs;2 wash stills2 spirit stills[1];"1,300,000 litres (290,000 imp gal; 340,000 US gal)";;;12 years old;Ex-Bourbon, Ex-Sherry, Ex-Marsala;;46.0%;;;;;;;;;57.61;-3.288056;/wiki/File:Ben_Riach_Distillery_-_geograph.org.uk_-_1134410.jpg
Benrinnes;"Aberlour 57°26′31″N 3°14′13″W﻿ / ﻿57.44188°N 3.23686°W﻿ / 57.44188; -3.23686";Speyside;1826;Diageo;;False;False;Malt Whisky;https://en.wikipedia.org/wiki/Benrinnes_distillery;;1826;Open;Scurran Burn and Rowantree Burn;2 wash stills4 spirit stills[1];2,500,000 L;;;15 years old;;John Innes;;Speyside;;;;;;;;57.44188;-3.23686;/wiki/File:Benrinnes_Distillery_-_geograph.org.uk_-_1070557.jpg
Benromach;Forres, Moray, Scotland;Speyside;1898;Gordon & MacPhail;;False;False;Malt Whisky;https://en.wikipedia.org/wiki/Benromach_distillery;;"1898; 127 years ago (1898)";Operational;Chapelton Springs in the Romach Hills;1 wash stills1 spirit stlls[1];400,000 litres;www.benromach.com;;;;;;Single malt;Charles C. Doig;;;;;;;57.61;-3.626944;/wiki/File:Benromach_Distillery.jpg
Blackness;;Lowland;2024;;;False;False;Malt Whisky;https://en.wikipedia.org/w/index.php?title=Blackness_Bay_Distillery&action=edit&redlink=1;;;;;;;;;;;;;;;;;;;;;;;
Bladnoch;Wigtown, Galloway;Lowland;1817;David Prior;;False;False;Malt Whisky;https://en.wikipedia.org/wiki/Bladnoch_distillery;;1817;Operational;River Bladnoch;2 wash2 spirit[1];1.5 million litres;http://www.bladnoch.com;;;;;;;;;;;;;;54.864167;-4.4575;/wiki/File:Bladnoch_Distillery_-_panoramio_(4).jpg
Blair Athol;Pitlochry;Highland;1798;Diageo;;False;False;Malt Whisky;https://en.wikipedia.org/wiki/Blair_Athol_distillery;;1798;Operational;Allt Dour Burn;2 wash stills (13,000 liters)2 spirit stills (12,000 liters)[1];2,500,000 litres;;Soon after 1798 to 18251932 to 1949;12 Years;;;43%;Single malt;;;;;;;;56.694722;-3.728611;/wiki/File:Blair_Athol_Distillery_-_geograph.org.uk_-_777286.jpg
Bonnington;;Lowland;2020;;;False;False;Malt Whisky;https://en.wikipedia.org/w/index.php?title=Bonnington_distillery&action=edit&redlink=1;;;;;;;;;;;;;;;;;;;;;;;
Borders;Hawick, Scottish Borders, Scotland;Lowland;2018;;;False;False;Malt Whisky;https://en.wikipedia.org/wiki/Borders_distillery;;2018 (2018);Active;River Teviot;2 wash stills2 spirit stills;2,000,000 L;www.thebordersdistillery.com;;;;"
George Tait
Tony Roberts
Tim Carton
John Fordyce
";;;;;;;;;;55.42452;-2.78887;/wiki/File:Borders_Distillery.jpg
Bowmore;;Islay;1779;Suntory Global Spirits;;False;False;Malt Whisky;https://en.wikipedia.org/wiki/Bowmore_distillery;;1779;Operational;River Laggan, Islay;2 wash2 spirit[1];1,700,000 L;;;Legend12-year-old15-year-old18-year-old25-year-old;American Oak (86%)Sherry (14%);;;;;;;;;;;55.7625;-6.288056;/wiki/File:Morrison_Bowmore,_Islay.jpg
Braeval;Chapeltown, Banffshire, Scotland;Speyside;1973;Chivas Brothers(Pernod Ricard);;False;False;Malt Whisky;https://en.wikipedia.org/wiki/Braeval_distillery;;1973 (1973);Active;Preenie & Kate's Well (distilling), Pitilie Burn (cooling water);2 wash stills4 spirit stills[1];4,200,000;;2002-2008;;;;;;;;;;;;;57.271111;-3.254167;/wiki/File:Braeval_Distillery_-_geograph.org.uk_-_2287000.jpg
BrewDog;;Highland;2007;;;False;False;Malt Whisky;https://en.wikipedia.org/wiki/BrewDog_distillery;;2007 (2007);;;;;www.brewdog.com ;;;;;;;;;;;;Public limited company;Drink industry;;;/wiki/File:Brewdog_logo_2022.png
Brora;Brora, Scotland;Highland;1819;Diageo;;False;False;Malt Whisky;https://en.wikipedia.org/wiki/Brora_distillery;;1819;Active;Clynemilton Burn;1 wash still (13,500 L)1 spirit still (13,500 L)[1];;www.brora.com;1983-2021;;;;;;;;;;;;;58.016944;-3.881111;/wiki/File:Brora_Distillery_-_geograph.org.uk_-_1140670.jpg
Bruichladdich;Rhinns of the isle of Islay, Scotland;Islay;1881;The Bruichladdich Distillery Co. Ltd;;False;False;Malt Whisky;https://en.wikipedia.org/wiki/Bruichladdich_distillery;;1881;Operational;Bruichladdich loch (mash), burn (cooling), and Octomore spring (bottling);2 wash (12,000 litres)2 spirit (11,000 litres) 1 Lomond (adjustable)[1];1,500,000 litres;;1907–1918, 1929–1935, 1941–1945, 1994–2000;Octomore 13.1, Octomore 13.2, Octomore 13.3, Octomore 13.4;American Oak;;;;;;;;;;;55.766359;-6.3625;/wiki/File:Distilleryreflection.jpg
Bunnahabhain;Islay;Islay;1881;Distell(Heineken N.V.);;False;False;Malt Whisky;https://en.wikipedia.org/wiki/Bunnahabhain_distillery;;1881;Operational;Margadale River;2 wash (30,000 litres)  2 spirit (15,000 litres) [1];3,500,000 litres per annum;bunnahabhain.com;;;;;;;;;;;;;;55.883230;-6.126261;/wiki/File:Bunnahabhain_distillery_-_geograph.org.uk_-_1856779.jpg
Burn O'Bennie;;Highland;2021;;;False;False;Malt Whisky;https://en.wikipedia.org/w/index.php?title=Burn_O%27Bennie_distillery&action=edit&redlink=1;;;;;;;;;;;;;;;;;;;;;;;
Cabrach;;Speyside;2024;;;False;False;Malt Whisky;https://en.wikipedia.org/w/index.php?title=Cabrach_distillery&action=edit&redlink=1;;;;;;;;;;;;;;;;;;;;;;;
Cairn;;Speyside;2022;;;False;False;Malt Whisky;https://en.wikipedia.org/w/index.php?title=Cairn_distillery&action=edit&redlink=1;;;;;;;;;;;;;;;;;;;;;;;
Caol Ila;Port Askaig;Islay;1846;Diageo;;False;False;Malt Whisky;https://en.wikipedia.org/wiki/Caol_Ila_distillery;;1846;Operational;Loch nam Ban;3 wash (19,000 L)3 spirit (12,000 L)[1];6,500,000 L;;1930–1937, 1942–1945;12-year-old[2]cask strength[3]18-year-old[4]25-year-old[5];American oak;;43%;;;;;;;;;55.864167;-6.101667;/wiki/File:Caol_Ila_Distillery_-_geograph.org.uk_-_2567901.jpg
Cardhu;Archiestown, Moray, Scotland;Speyside;1824;Diageo;;False;False;Malt Whisky;https://en.wikipedia.org/wiki/Cardhu_distillery;;1823 (1823);;Sources in the Mannoch Hills and Lyne Burn;3 wash stills (12,000 L)3 wash stills (10,500 L);3,500,000 L;Cardhu distillery;;;;John & Helen Cumming;;;;;;;;;;57.474444;-3.355833;/wiki/File:Cardhu.jpg
Clydeside;Glasgow;Lowland;2017;Morrison Glasgow Distillers;;False;False;Malt Whisky;https://en.wikipedia.org/wiki/Clydeside_distillery;;2017;;Loch Katrine;1 wash still1 spirit still;500,000 L;;;;;;;;;;;;;;;55.862364;-4.296986;/wiki/File:The_Queen%27s_Dock_Pumping_House,_River_Clyde,_Glasgow,_Scotland.jpg
Clynelish;Brora, Sutherland;Highland;1967;Diageo;;False;False;Malt Whisky;https://en.wikipedia.org/wiki/Clynelish_distillery;;1967;Operational;Clynemilton burn;3 wash stills3 spirit stills;4,800,000 litres;;;Non aged statement;Bourbon;;48%;Single malt;;;;;;;;58.016944;-3.881111;/wiki/File:Clynelish_Distillery._-_panoramio.jpg
Crafty;;Lowland;2017;;;False;False;Malt Whisky;https://en.wikipedia.org/w/index.php?title=Crafty_distillery&action=edit&redlink=1;;;;;;;;;;;;;;;;;;;;;;;
Cragganmore;Ballindalloch;Speyside;1869;Diageo;;False;False;Malt Whisky;https://en.wikipedia.org/wiki/Cragganmore_distillery;;1869;Active;The Craggan Burn;2 wash stills2 spirit stills;1,520,000 litres;;;;;;;;;;;;;;;57.406667;-3.389722;/wiki/File:Cragganmore_Distillery_-_geograph.org.uk_-_1070541.jpg
Craigellachie;Craigellachie, Moray, Banffshire;Speyside;1891;John Dewar & Sons(Bacardi);;False;False;Malt Whisky;https://en.wikipedia.org/wiki/Craigellachie_distillery;;1891;Operational;Local;2 wash stills2 spirit stills;4,000,000 litres of alcohol per annum;;;;;;43%;Single malt;;;;;;;;57.491389;-3.186389;/wiki/File:Craigellachie_Distillery_-_geograph.org.uk_-_589148.jpg
Daftmill;Cupar, Fife;Lowland;2005;;;False;False;Malt Whisky;https://en.wikipedia.org/wiki/Daftmill_distillery;;2005;Active;Cupar / Daftmill spring;1 wash still1 spirit still;2,500 litre wash still / 1,500 litre spirit still;;;n/a;;;;;;;;;;;;56.288056;-3.101667;/wiki/File:Daftmill_Distillery_-_panoramio.jpg
Dailuaine;Charlestown-of-Aberlour, Strathspey;Speyside;1852;Diageo;;False;False;Malt Whisky;https://en.wikipedia.org/wiki/Dailuaine_distillery;;1852;Active;The Bailliemullich Burn;3 wash stills (18.700 L) 3 spirit stills (20.500 L)[1];3,370,000 litres;;;;;;;;;;;;;;;57.4575;-3.271111;/wiki/File:Dailuaine_Distillery_-_geograph.org.uk_-_1627046.jpg
Dalmore;Alness, Scotland;Highland;1839;Whyte & Mackay;;False;False;Malt Whisky;https://en.wikipedia.org/wiki/Dalmore_distillery;;1839;Operational;Alness river;"4 wash 16,500 + 8,250 litres (3,630 + 1,810 imperial gallons; 4,360 + 2,180 US gallons)4 spirit 11,000 + 7,300 litres (2,400 + 1,600 imperial gallons; 2,900 + 1,900 US gallons)[1]";"4,200,000 litres (920,000 imperial gallons; 1,100,000 US gallons)";;;12,[2] 15,[3] 18,[4] 25;;;40;Single Malt;;;;;;;;57.694722;-4.237222;/wiki/File:Dalmore_Distillery_-_geograph.org.uk_-_958488.jpg
Dalmunach;Carron;Speyside;2015;Chivas Brothers(Pernod Ricard);;False;False;Malt Whisky;https://en.wikipedia.org/wiki/Dalmunach_distillery;;2015;;Balintomb water supply;4 wash stills4 spirit stills;10.000,000;;;;;;;;;;;;;;;57.4575;-3.305;/wiki/File:The_Dalmunach_Distillery_from_the_Speyside_Way_-_geograph.org.uk_-_5542656.jpg
Dalwhinnie;Dalwhinnie;Highland;1898;Diageo;;False;False;Malt Whisky;https://en.wikipedia.org/wiki/Dalwhinnie_distillery;;1898;Active;Allt an t-Sluic;1 wash still: 17,000 L1 spirit still: 14,000 L[1];1,300,000 L;;;;;John Grant, George Sellar and Alexander Mackenzie;;;Charles Chree Doig;;;;;;;56.948889;-4.237222;/wiki/File:Dalwhinnie_Distillery_-_geograph.org.uk_-_1816007.jpg
Deanston;Deanston, Perthshire;Highland;1965;CVH Spirits Limited;;False;False;Malt Whisky;https://en.wikipedia.org/wiki/Deanston_distillery;;1965;active;River Teith;2 wash stills 20.000l, 2 spirit stills 17.000l[1];3,000,000 litres;;;;;;;;;;;;;;;56.186389;-4.067778;/wiki/File:Deanston_Distillery_-_Doune,_Stirling,_Great_Britain.jpg
Dornoch;Dornoch, Scotland;Highland;2017;;;False;False;Malt Whisky;https://en.wikipedia.org/wiki/Dornoch_distillery;;2017;Operational;;1 wash stills1 spirit stills;;;;;;Simon and Philip Thompson;;;;;;;;;;57.881111;-4.016944;
Dufftown;Dufftown, Moray;Speyside;1895;Diageo;;False;False;Malt Whisky;https://en.wikipedia.org/wiki/Dufftown_distillery;;1895;;Jock's Well, Conval Hills Sprin;3 wash stills3 spirit stills;4,000,000 litres;;;;;;;;;;;;;;;57.435748;-3.127820;/wiki/File:Dufftown_distillery.jpg
Dunphail;;Speyside;2023;;;False;False;Malt Whisky;https://en.wikipedia.org/w/index.php?title=Dunphail_distillery&action=edit&redlink=1;;;;;;;;;;;;;;;;;;;;;;;
Eden Mill;Guardbridge, Fife;Lowland;2012;;;False;False;Malt Whisky;https://en.wikipedia.org/wiki/Eden_Mill_St_Andrews_distillery;;2012;Active;;;0.06 MLPA;;;;;;;;;;;;;;;56.355833;-2.898056;/wiki/File:Eden_and_paper_mill._-_geograph.org.uk_-_50837.jpg
Edradour;Pitlochry, Perthshire;Highland;1825;Signatory Vintage Scotch Whisky Company;;False;False;Malt Whisky;https://en.wikipedia.org/wiki/Edradour_distillery;;1825 (200 years ago) (1825);Active;Ben Vrackie Springs;1 wash still 4200 L,  1 spirit still 2200 L[1];95,000 litres;;;;;;;;;;;;;;;56.711667;-3.711667;/wiki/File:EdradourDistillery-pjt1.jpg
Falkirk;Falkirk, Scotland;Lowland;2020;;;False;False;Malt Whisky;https://en.wikipedia.org/wiki/Falkirk_distillery;;2020;;;1 wash still1 spirit still;200,000 L;;;;;George Stewart;;;;;;;;;;55.999722;-3.728611;/wiki/File:Falkirk_Distillery_Company_-_geograph.org.uk_-_5436701.jpg
Fettercairn;"Fettercairn 56°51′13″N 2°34′57″W﻿ / ﻿56.8535°N 2.5825°W﻿ / 56.8535; -2.5825";Highland;1824;Whyte & Mackay;;False;False;Malt Whisky;https://en.wikipedia.org/wiki/Fettercairn_distillery;;1824;Open;Sources on the Grampian mountains;"2 wash stills (12,800 L)two spirit stills (12,800 L)[1]
   and 11 Washbacks";2,200,000 litres of pure alcohol per year [approx.];;1926 to 1939;;;Sir Alexander Ramsay;;;;;;;;;;56.8535;-2.5825;/wiki/File:Fettercairn_Distillery_-_geograph.org.uk_-_870131.jpg
Glasgow;Glasgow;Lowland;2015;;;False;False;Malt Whisky;https://en.wikipedia.org/wiki/Glasgow_distillery;;2015;;Loch Katrine;2 wash stills2 spirit stills;440,000 litres;;;;;Liam Hughes, Mike Hayward, Ian McDougall;;;;;;;;;;55.863287;-4.362140;
Glenallachie;"Aberlour 57°27′19″N 3°13′43″W﻿ / ﻿57.45518°N 3.22871°W﻿ / 57.45518; -3.22871";Speyside;1967;The GlenAllachie Distillers Co Limited;;False;False;Malt Whisky;https://en.wikipedia.org/wiki/Glenallachie_distillery;;1967;Open;Sources on Ben Rinnes;2 wash stills2 spirit stills;4,000,000 litres of pure alcohol per year;www.theglenallachie.com;;;;Mackinlay McPherson;;;W. Delme Evans;;;;;;;57.45518;-3.22871;/wiki/File:Glenallachie_Distillery_-_geograph.org.uk_-_741359.jpg
Glenburgie;Alves, Moray, Scotland;Speyside;1810;Chivas Brothers(Pernod Ricard);;False;False;Malt Whisky;https://en.wikipedia.org/wiki/Glenburgie_distillery;;1810;Operational;;3 wash (11,750 L),[1] 3 spirit (15,000 L);4,200,000 litres of pure alcohol per year;;1870 to 1878, 1927 to 1935, 2000 - 2004;;;;;;;;;;;;;57.62179;-3.51675;/wiki/File:Glenburgie.jpg
Glencadam;Brechin, Angus;Highland;1825;Angus Dundee plc;;False;False;Malt Whisky;https://en.wikipedia.org/wiki/Glencadam_distillery;;1825;Operational;River South Esk;1 wash (14,000 L)[1]1 spirit (14,000 L);1,500,000 litres/per annum;;;~ 8 Years to 30 Years;Bourbon Casks;;46%;Blended whisky or Vatted malt;;;;;;;;56.745556;-2.660833;/wiki/File:Glencadam_Distillery_-_geograph.org.uk_-_779592.jpg
Glendronach;;Highland;1826;Brown-Forman;;False;False;Malt Whisky;https://en.wikipedia.org/wiki/Glendronach_distillery;;1826;Active;Dronac Burn;2 wash (13,635 L),[1]2 spirit (6,800 L);1,300,000 litres per annum;;;No Age Statement;Oloroso Sherry;;>54%;;;;;;;;;57.4847;-2.6255;/wiki/File:GlenDronach.jpg
Glendullan;Dufftown;Speyside;1897;Diageo;;False;False;Malt Whisky;https://en.wikipedia.org/wiki/Glendullan_distillery;;1897;Operational;Goats Well Spring;3 wash stills3 spirit stills;3,700,000 L;;;Twelve years, Rare and Fine Malts- Twenty-Three Years Distilled in 1974;;;;;;;;;;;;57.440556;-3.118611;/wiki/File:Glendullan_Distillery_-_panoramio.jpg
Glen Elgin;;Speyside;1898;Diageo;;False;False;Malt Whisky;https://en.wikipedia.org/wiki/Glen_Elgin_distillery;;1898;Active;Millbuies Loch Springs;3 wash stills (7000 liters)3 spirit stills (8000 liters)[1];1,830,000 liters;;;;;;;;;;;;;;;57.593056;-3.271111;/wiki/File:Glen_Elgin_Distillery_-_geograph.org.uk_-_1190708.jpg
Glenfarclas;;Speyside;1836;J. & G. Grant;;False;False;Malt Whisky;https://en.wikipedia.org/wiki/Glenfarclas_distillery;;1836;Active;Ben Rinnes;3 wash stills (29,600 L) 3 spirit stills (25,000 L);4,000,000 litres;;;;;;;;;;;;;;;57.423611;-3.305;/wiki/File:Copper_still_at_Glenfarclas_distillery_-_geograph.org.uk_-_3237457.jpg
Glenfiddich;Dufftown, Moray, Scotland;Speyside;1886;William Grant & Sons;;False;False;Malt Whisky;https://en.wikipedia.org/wiki/Glenfiddich_distillery;;"1886; 139 years ago (1886)";Operational;The Robbie Dhu Spring;16 wash stills27 spirit stills;21 million litres;glenfiddich.com;;18 years old;;;40.0%;;;;;;;;;57.4575;-3.118611;/wiki/File:Glenfiddich_Text_Logo.svg
Glen Garioch;Aberdeenshire, Scotland;Highland;1797;Suntory Global Spirits;;False;False;Malt Whisky;https://en.wikipedia.org/wiki/Glen_Garioch_distillery;;1797;Operational;The Silent Spring of Coutens Farm;2 wash (20,000 + 10,000 L)2 spirit (11,000 L)[1];1,000,000 L;;;;;;;;;;;;;;;57.338889;-2.321944;/wiki/File:Glen_Garioch_Distillery_-_geograph.org.uk_-_701231.jpg
Glenglassaugh;Portsoy, Banffshire;Highland;1875;Brown-Forman;;False;False;Malt Whisky;https://en.wikipedia.org/wiki/Glenglassaugh_distillery;;1875;Operational;Glassaugh Spring;1 wash still1 spirit still;1,000,000 litres/per annum;;1986–2008;;;;;;;;;;;;;57.677778;-2.745556;/wiki/File:Glenglassaugh_Distillery.jpg
Glengoyne;Dumgoyne, Scotland;Highland;1833;Ian Macleod Distillers;;False;False;Malt Whisky;https://en.wikipedia.org/wiki/Glengoyne_distillery;;1833[1];Operational;"Stream water from Dumgoyne
Hill[2]";1 wash still[1]2 spirit stills[1];1,100,000 litres[1];;;10 years12 YearsCask strength15 years18 years21 years25 years30 years;80% refill20% first fill sherry wood;;40%–57.2%[3];Single malt;;;;;;;;56.01403;-4.36378﻿ (Glengoyne Distillery);/wiki/File:Glengoyne_distillery_2022.jpg
Glen Grant;;Speyside;1840;Campari Group;;False;False;Malt Whisky;https://en.wikipedia.org/wiki/Glen_Grant_distillery;;1840;Active;The Glen Grant burn;"4 wash stills (15,000 L),
 4 spirit stills (9,600 L)[1]";5,900,000 litres;;;;;;;;;;;;;;;57.525278;-3.203333;/wiki/File:01-Glen-Grant.jpg
Glengyle;Campbeltown;Campbeltown;1872;Mitchell's Glengyle Ltd;;False;False;Malt Whisky;https://en.wikipedia.org/wiki/Glengyle_distillery;;1872;;Crosshill Loch;1 wash still1 spirit still;750,000 L;;;;;;;;;;;;;;;55.423611;-5.61;/wiki/File:Glengyle_distillery_-_geograph.org.uk_-_2148138.jpg
Glen Keith;Keith, Moray;Speyside;1957;Chivas Brothers(Pernod Ricard);;False;False;Malt Whisky;https://en.wikipedia.org/wiki/Glen_Keith_distillery;;1957;Active;Balloch Hill.;3 wash stills3 spirit stills[1];3,500,000 Litres per annum;;1999-2013;;;;;;;;;;;;;57.542222;-2.965833;/wiki/File:Glen_Keith_Distillery_-_geograph.org.uk_-_713120.jpg
Glenkinchie;East Lothian, Scotland;Lowland;1837;Diageo;;False;False;Malt Whisky;https://en.wikipedia.org/wiki/Glenkinchie_distillery;;1837;Active;Lammermuir Hills Burns;1 wash still (30,963 L)1 spirit still (20,998 L);2,700,000 L;;;12 years old;;George and John Rate;;;;;;;;;;55.898056;-2.898056;/wiki/File:Glenkinchie_Distillery_-_geograph.org.uk_-_27170.jpg
Glenlivet;Ballindalloch, Moray, Scotland;Speyside;1824;Chivas Brothers(Pernod Ricard);;False;False;Malt Whisky;https://en.wikipedia.org/wiki/The_Glenlivet_distillery;;"1824; 201 years ago (1824)";Operational;Josie's WellBlairfindy Well;14 copper pot stills (7 wash @ 15,000 L and 7 spirit @ 10,000 L);10.5 million-Lpa (liters of pure alcohol);www.theglenlivet.com;;12, 15, 18, 21, 25 and 50 years;BourbonFrench oak;George Smith and John Gordon Smith;40%;;;;;;;;;57.338889;-3.338889;/wiki/File:Glenlivet-Logo.jpg
Glenlossie;Elgin, Morayshire;Speyside;1876;Diageo;;False;False;Malt Whisky;https://en.wikipedia.org/wiki/Glenlossie_distillery;;1876;Active;The Bardon Burn;3 wash stills (15,600 liters)   3 spirit stills (13,500 liters)[1];1,100,000 litres;;;;;;;;;;;;;;;57.5989;-3.3183;/wiki/File:Glenlossie_Distillery_-_geograph.org.uk_-_1133196.jpg
Glenmorangie;Tain;Highland;1843;Louis Vuitton Moët Hennessy;;False;False;Malt Whisky;https://en.wikipedia.org/wiki/Glenmorangie_distillery;;1843[1];Operational;Tarlogie Springs in the Tarlogie Hills;6 wash stills6 spirit stills[2];6.5 million litres per annum;;;"Original (10 Years)""Extra Matured"" Range (~12 Years)18 Years25 Years";"American white oak, ex-bourbon whiskey casks (main)Oloroso sherry casksRuby port casksSauternes wine casks""Artisan"" air-dried white oak casks";;40–46%;Single malt;;;;;;;;57.830278;-4.067778;/wiki/File:Glenmorangie_Distillery_-_panoramio.jpg
Glen Moray;Elgin, Moray, Scotland;Speyside;1897;La Martiniquaise;;False;False;Malt Whisky;https://en.wikipedia.org/wiki/Glen_Moray_distillery;;"1897; 128 years ago (1897)";Operational;River Lossie;3 wash stills6 spirit stills;3.3 million litres per annum;www.glenmoray.com;;10, 12, 15, 18 and 21 years;American oak;;40–56.6%;Single malt;;;;;;;;57.643889;-3.338889;/wiki/File:Glen_Moray_Distillery_-_geograph.org.uk_-_2289818.jpg
Glen Ord;Ross-shire;Highland;1838;Diageo;;False;False;Malt Whisky;https://en.wikipedia.org/wiki/Glen_Ord_Distillery;;1838[1];Operational;Loch nam BonnachLoch nan Eun form the White Burn;7 wash (17,000 L) 7 spirit (16,000 L)[2];12,000,000 litres[2];;;12 Years15 Years18 Years;American White Oak, Ex-Bourbon Casks (50%)Oloroso Sherry Casks (50%);;40% – 46%;Single malt;;;;;;;;57.525278;-4.474444;/wiki/File:Glen_ord_distillery.jpg
Glenrothes;Rothes;Speyside;1879;Edrington;;False;False;Malt Whisky;https://en.wikipedia.org/wiki/The_Glenrothes_distillery;;1879;Operational;Spring on site;5 wash stills5 spirit stills;5,200,000 L;;;The 32, The 42, The 51;;;;;;;;;;;;57.525278;-3.203333;
Glen Scotia;;Campbeltown;1832;Loch Lomond Group;;False;False;Malt Whisky;https://en.wikipedia.org/wiki/Glen_Scotia_distillery;;1832;Operational;Crosshill Loch;1 wash (16,000 L), 1 spirit (12,000 L)[2];600,000 litres;;;"Double Cask 46% ABV 
15 Year Old  46% ABV
Victoriana 52.2% ABV
18 Year Old 46% ABV

25 Year Old 48.8%";;;;;;;;;;;;55.423611;-5.61;/wiki/File:Glen_Scotia_Distillery,_Campbeltown.jpg
Glen Spey;Rothes, Moray;Speyside;1878;Diageo;;False;False;Malt Whisky;https://en.wikipedia.org/wiki/Glen_Spey_distillery;;1878;Operational;Donnie Burn;2 wash (12,000 L)[1]2 spirit (7,500 L);1,400,000 litres of alcohol per annum;;;;;;;;;;;;;;;57.525278;-3.203333;/wiki/File:Glen_Spey_Distillery_-_geograph.org.uk_-_885814.jpg
Glentauchers;Mulben, Keith, Scotland;Speyside;1897;Chivas Brothers(Pernod Ricard);;False;False;Malt Whisky;https://en.wikipedia.org/wiki/Glentauchers_distillery;;1897 (1897);;Rosarie Burn;3 wash stills3 spirit stills;4,500,000 litres (990,000 imp gal);;1985–1992;;;;;;;;;;;;;57.542222;-3.050833;/wiki/File:Glentauchers_distillery_-_geograph.org.uk_-_3457816.jpg
Glenturret;Perthshire;Highland;1763;Lalique Group SA;;False;False;Malt Whisky;https://en.wikipedia.org/wiki/Glenturret_distillery;;1763;Operational;Loch Turret in Glenturret;1 wash still1 spirit still;340,000 litres/per annum;;;;Oak,;;;Single malt;;;;;;;;56.389722;-3.864167;/wiki/File:Glenturret.jpg
GlenWyvis;Dingwall;Highland;2015;;;False;False;Malt Whisky;https://en.wikipedia.org/wiki/GlenWyvis_distillery;;2015;Operational;;2 wash stills2 spirit stills;;;;;European Sherry HogsheadAmerican Oak Refill HogsheadAmerican Standard BarrelEuropean Sherry QuarterEuropean Sherry Firki;John Mckenzie;;;;;;;;;;57.61;-4.4575;
Harris;Isle of Harris;Island;2015;;;False;False;Malt Whisky;https://en.wikipedia.org/wiki/Harris_distillery;;2015;;Abhainn Cnoc a’Charrainn;1 wash still1 spirit still;230,000 L;;;;;;;;;;;;;;;57.8976;-6.8040;/wiki/File:Harris_Distillery_Exterior.jpg
Highland Park;Kirkwall, Orkney, Scotland;Island;1798;Edrington;;False;False;Malt Whisky;https://en.wikipedia.org/wiki/Highland_Park_distillery;;1798;Operational;;2 wash2 spirit;2,500,000 litres;;;(in years) NAS, 12, 14 (duty-free), 15, 16 (duty-free), 18, 21, 54;BourbonSherry;;;;;;;;;;;58.982778;-2.965833;/wiki/File:Highland_Park_Distillery_-_geograph.org.uk_-_2090032.jpg
Holyrood;Edinburgh, Scotland, UK;Lowland;2019;;;False;False;Malt Whisky;https://en.wikipedia.org/wiki/Holyrood_Distillery;;"2019; 6 years ago (2019)";Operational;;1 wash still1 spirit still;53,000 L;holyrooddistillery.co.uk;;;;;;;;;;;;;;55.9432;-3.1776;/wiki/File:Holyrood_Distillery_(geograph_6418456).jpg
Inchdairnie;Glenrothes, Scotland;Lowland;2015;John Fergus & Co.;;False;False;Malt Whisky;https://en.wikipedia.org/wiki/Inchdairnie_distillery;;"2015; 10 years ago (2015)";Operational;Flowers of May and Goathill springs;1 wash still1 spirit still;2 million litres per annum;;;;;Ian Palmer;;;;;;;;;;56.1812;-3.2165;/wiki/File:Inchdairnie_Distillery,_Glenrothes_-_geograph.org.uk_-_5455569.jpg
Inchgower;;Speyside;1871;Diageo;;False;False;Malt Whisky;https://en.wikipedia.org/wiki/Inchgower_distillery;;1871;Active;Menduff Hills springs;2 wash stills2 spirit stills;1,990,000 litres;;;;;;;;;;;;;;;57.660833;-2.965833;/wiki/File:Inchgower_Distillery_-_geograph.org.uk_-_1133237.jpg
Jackton;;Lowland;2020;;;False;False;Malt Whisky;https://en.wikipedia.org/w/index.php?title=Jackton_distillery&action=edit&redlink=1;;;;;;;;;;;;;;;;;;;;;;;
Jura;Jura;Island;1810;Whyte & Mackay;;False;False;Malt Whisky;https://en.wikipedia.org/wiki/Jura_distillery;;1810;Operational;Loch a’Bhaile Mhargaidh;2 wash stills (24,500 L)2 spirit stills (15,500 L);2,500,000 L;;;;;;;;;;;;;;;55.830278;-5.965833;/wiki/File:Jura_Distillery_-_geograph.org.uk_-_2973104.jpg
Kilchoman;Islay;Islay;2005;Anthony Wills;;False;False;Malt Whisky;https://en.wikipedia.org/wiki/Kilchoman_distillery;;2005;Operational;Small dam close to distillery;2 wash stills2 spirit stills;500,000 L (110,000 imp gal);;;3 Years5 Years8 Years 10 Years11 Years;;;;;;;;;;;;55.796389;-6.423611;/wiki/File:Kilchoman_Distillery.jpg
Kingsbarns;Kingsbarns, Fife;Lowland;2014;Wemyss malts;;False;False;Malt Whisky;https://en.wikipedia.org/wiki/Kingsbarns_distillery;;2014;;Borehole;1 wash still1 spirit stills;200,000 L;Kingsbarns Distillery;;;;Douglas Clement;;;;;;;;;;;;/wiki/File:Kingsbarns_Distillery_-_geograph.org.uk_-_4362936.jpg
Kininvie;Dufftown, Moray;Speyside;1990;William Grant & Sons;;False;False;Malt Whisky;https://en.wikipedia.org/wiki/Kininvie_distillery;;1990;Open;Conval Hills;3 wash stills6 spirit stills;;;;;Bourbon Casks;;40%;Single malt;;;;;;;;57.4575;-3.118611;
Knockando;Knockando, Moray;Speyside;1898;Diageo;;False;False;Malt Whisky;https://en.wikipedia.org/wiki/Knockando_distillery;;1898;;The Cardnach Spring;2 wash stills2 spirit stills;1,800,000 litres/per annum;;;18 Years;American White Oak, Ex-Bourbon Casks / European Oak ex-sherry casks;;43%;Single Malt;;;;;;;;57.4575;-3.338889;/wiki/File:Knockando_Distillery_-_geograph.org.uk_-_539251.jpg
Knockdhu;Knock, Banffshire;Speyside;1894;Inver House Distillers;;False;False;Malt Whisky;https://en.wikipedia.org/wiki/Knockdhu_distillery;;1894;Operational;Spring water from Knock Hill;1 wash still1 spirit still;1,700,000 litres per annum;;;12 Years18 Years;American White Oak, Ex-Bourbon Casks (Main);;40% - 50%;Single malt;;;;;;;;57.559167;-2.7625;/wiki/File:Knockdhu_Distillery_-_geograph.org.uk_-_419020.jpg
Lagg;Lagg, Isle of Arran, Scotland;Island;2019;Isle of Arran Distillers;;False;False;Malt Whisky;https://en.wikipedia.org/wiki/Lagg_distillery;;2019;Active;;1 wash still1 spirit still;Approx. 500,000 LPA;laggwhisky.com;;;;;;;;;;;;;;55.4456;-5.2482;/wiki/File:The_new_Lagg_Distillery_-_geograph.org.uk_-_6579683.jpg
Lagavulin;Islay;Islay;1816;Diageo;;False;False;Malt Whisky;https://en.wikipedia.org/wiki/Lagavulin_distillery;;1816;Operational;Solum Lochs;2 wash stills (11,000 L)2 spirit stills (12,500 L);1,400,000 L;www.malts.com/en-gb/brands/lagavulin;;8-year-old12-year-old (cask strength)16-year-oldDistiller's edition21-year-old25-year-old30-year-old37-year-oldOfferman edition (11-year-old);BourbonSherry;;;;;;;;;;;55.643889;-6.118611;/wiki/File:2019-05-05_Lagavulin_Distillery.jpg
Laphroaig;Port Ellen;Islay;1815;Suntory Global Spirits;;False;False;Malt Whisky;https://en.wikipedia.org/wiki/Laphroaig_distillery;;1815[1];Operational;The Kilbride Dam;3 wash4 spirit[2];3,300,000 litres[3];;;10-year-old10-year-old (cask strength)10-year-old sherry oak finishLoreSelectQuarter CaskCàirdeas15-year-old (re-released 2015)18-year-old (discontinued 2015)[4]25-year-old27-year-old30-year-old32-year-old40-year-old;American Oak BourbonOak Quarter CaskEuropean Oak Oloroso sherry;;40%43%48%55.3%;;;;;;;;;55.626944;-6.1525;/wiki/File:Laphroaig_Distillery_-_geograph.org.uk_-_2531274.jpg
Leven;Leven, Fife, Scotland;Lowland;2013;Diageo;;False;False;Malt Whisky;https://en.wikipedia.org/wiki/Leven_distillery;;2013;Active;Town supply;1 wash still (1,000 L)1 spirit still (1,000 L);250,000 L;;;;;;;;;;;;;;;56.186389;-3.016944;/wiki/File:Entrance_to_Diageo%27s_works_at_Leven_-_geograph.org.uk_-_5240101.jpg
Lindores Abbey;Newburgh, Fife;Lowland;2017;Mckenzie Smith family;;False;False;Malt Whisky;https://en.wikipedia.org/wiki/Lindores_Abbey_distillery;;2017;;Borehole;1 wash still2 spirit stills;260,000 L;;;;;;;;;;;;;;;56.3518;-3.2254;/wiki/File:Lindores_Abbey_Distillery_opened_in_2017.jpg
Linkwood;"Elgin, Scotland 57°38′08″N 3°17′10″W﻿ / ﻿57.635448°N 3.286238°W﻿ / 57.635448; -3.286238";Speyside;1821;Diageo;;False;False;Malt Whisky;https://en.wikipedia.org/wiki/Linkwood_distillery;;1821;Operational;springs near Milbuies Loch;3 wash, 3 spirit (1 wash, 1 spirit in Linkwood A, 2 wash 2 spirit in Linkwood B);2,500,000 litres;;1941 to 1945, 1985 to 1990;37 Years, 1978 Vintage;;;50.3 ABV;;;;;;;;;57.635448;-3.286238;/wiki/File:Linkwood_Distillery,Elgin._-_geograph.org.uk_-_101062.jpg
Lochlea;Ayrshire, Scotland;Lowland;2018;;;False;False;Malt Whisky;https://en.wikipedia.org/wiki/Lochlea_distillery;;2018 (2018);;;2 wash stills2 spirit stills;200,000 liters;;;;;Neil McGeoch;;;;;;;;;;;;
Loch Lomond;;Highland;1964;Loch Lomond Distillery Company;;False;False;Malt Whisky;https://en.wikipedia.org/wiki/Loch_Lomond_distillery;;1964;Active;Borehole;4 wash stills4 spirit stills3 column stills;3,000,000 litres (malt) & 20,000,000 litres (grain);;;;;;;;;;;;;;;55.999722;-4.576111;/wiki/File:Loch_Lomond_Distillery_-_geograph.org.uk_-_2919725.jpg
Longmorn;Longmorn, Moray;Speyside;1893;Chivas Brothers(Pernod Ricard);;False;False;Malt Whisky;https://en.wikipedia.org/wiki/Longmorn_distillery;;1893;Operational;Local Springs;4 wash stills4 spirit stills;3,500,000 litres per annum;;;15, 16 Years;American White Oak, Ex-Bourbon Casks (Main);;40% - 43%;Single malt;;;;;;;;57.61;-3.271111;/wiki/File:Longmorn_Distillery_-_geograph.org.uk_-_1190718.jpg
Macallan;Easter Elchies, Craigellachie, Moray, Scotland;Speyside;1824;Edrington;;False;False;Malt Whisky;https://en.wikipedia.org/wiki/The_Macallan_distillery;;"1824; 201 years ago (1824)";Operational;River Spey;12 wash stills (13,000 L)24 spirit stills (3,900 L);15,000,000 L;www.themacallan.com;;12 to 81 years old;Sherry (both American & European oak) and Bourbon (American oak);Alexander Reid;;Single malt;Rogers Stirk Harbour + Partners (2018);;;;;;;57.491389;-3.203333;/wiki/File:The_Macallan_distillery_Logo.svg
Macduff;Macduff;Highland;1960;John Dewar & Sons(Bacardi);;False;False;Malt Whisky;https://en.wikipedia.org/wiki/Macduff_distillery;;1960;Operational;Local;2 wash stills3 spirit stills;2,400,000 litres of alcohol per annum;;;;;;40%;Single malt;;;;;;;;57.660833;-2.508333;/wiki/File:Macduff_Distillery_-_geograph.org.uk_-_1762731.jpg
Mannochmore;Elgin;Speyside;1971;Diageo;;False;False;Malt Whisky;https://en.wikipedia.org/wiki/Mannochmore_distillery;;1971;Active;Bardon Burn;3 Wash stills: each 14,400 L3 Spirit stills: each 17,000 L;3,200,000 L;;;;;John Haig & Co.;;;;;;;;;;57.593056;-3.321944;/wiki/File:Mannochmore_Distillery_-_geograph.org.uk_-_366878.jpg
Miltonduff;Near Elgin, Speyside;Speyside;1824;Chivas Brothers(Pernod Ricard);;False;False;Malt Whisky;https://en.wikipedia.org/wiki/Miltonduff_distillery;;1824;;Local spring[1];3 wash stills (18,000 L)3 spirit stills (18,000 L);5,800,000 L[1];;;;;;;;;;;;;;;57.626944;-3.372778;/wiki/File:Miltonduff_Distillery_-_geograph.org.uk_-_1514922.jpg
Mortlach;Dufftown, Moray, Scotland;Speyside;1823;Diageo;;False;False;Malt Whisky;https://en.wikipedia.org/wiki/Mortlach_distillery;;1823;Active;Dykehead Catsvraig;3 wash stills3 spirit stills;3,700,000 litres;;;;;;;;;;;;;;;57.440556;-3.118611;/wiki/File:Mortlach_Distillery_-_geograph.org.uk_-_2188332.jpg
Nc’nean;Morvern, Scotland;Highland;2017;Drimnin Distillery Co;;False;False;Malt Whisky;https://en.wikipedia.org/wiki/Nc%27nean_distillery;;2017;;Two nearby springs;1 wash still, 1 spirit still;;ncnean.com ;;;;;;;;;;;;;;56.5987;-5.9654;/wiki/File:Nc%E2%80%99nean_Distillery_in_Drumlin_die_Brennblasen.jpg
North Uist;;Island;2024;;;False;False;Malt Whisky;https://en.wikipedia.org/w/index.php?title=North_Uist_distillery&action=edit&redlink=1;;;;;;;;;;;;;;;;;;;;;;;
Oban;Oban;Highland;1794;Diageo;;False;False;Malt Whisky;https://en.wikipedia.org/wiki/Oban_distillery;;1794 (1794);Operational;Two lochs in Ardconnel;1 wash1 spirit;670,000 litres per year;;;14, 18, 21, 32;;John and Hugh Stevenson;;;;;;;;;;56.406667;-5.474444;/wiki/File:Oban_Distillery_-_geograph.org.uk_-_4192307.jpg
Port Ellen;;Islay;1825;Diageo;;False;False;Malt Whisky;https://en.wikipedia.org/wiki/Port_Ellen_distillery;;1825;Active;Leorin Lochs;2 wash2 spirit;2.7 ML;;1983 - 2024;;;;;;;;;;;;;55.643889;-6.186389;/wiki/File:Port_Ellen_Distillery.jpg
Port of Leith;Edinburgh, Scotland, UK;Lowland;2023;;;False;False;Malt Whisky;https://en.wikipedia.org/wiki/Port_of_Leith_distillery;;"2023; 2 years ago (2023)";Operational;;1 wash still1 spirit still;400,000 L;www.leithdistillery.com;;;;Paddy Fletcher and Ian Stirling;;;;;;;;;;55.982778;-3.169444;/wiki/File:Port_of_Leith_Distillery.jpg
Pulteney;;Highland;1826;Inver House Distillers;;False;False;Malt Whisky;https://en.wikipedia.org/wiki/Old_Pulteney_distillery;;1826;Active;Loch Hempriggs;1 wash still (16,100 L)1 spirit still (13,200 L);1,000,000 litres;;;;;;;;;;;;;;;58.440556;-3.084722;/wiki/File:Pulteney_Distillery.jpeg
Raasay;Isle of Raasay;Island;2014;R&B Distillers;;False;False;Malt Whisky;https://en.wikipedia.org/wiki/Isle_of_Raasay_distillery;;2014;;Tobar na ba baine spring and borehole;1 wash still1 spirit still;940,000 L;raasaydistillery.com;;;;Bill Dobbie & Alasdair Day;;;;;;;;;;57.35183;-6.07382;/wiki/File:Isle_of_Raasay_Distillery.png
Rosebank;"Camelon, Scotland 56°00′08.7″N 3°48′13.0″W﻿ / ﻿56.002417°N 3.803611°W﻿ / 56.002417; -3.803611";Lowland;1798;Ian Macleod Distillers;;False;False;Malt Whisky;https://en.wikipedia.org/wiki/Rosebank_distillery;;1798;Operational;Carron Valley Reservoir;three pot, two wash, one spirit;559,169.301 litres per year;www.rosebank.com;1993 to 2002, closed 2002 to 2023;17 years old;oak;Stark Brothers;43%;Lowland;;;;;fruit/floral;;;56.0;-3.813333;/wiki/File:Rosebank.jpg
Roseisle;Roseisle;Speyside;2010;Diageo;;False;False;Malt Whisky;https://en.wikipedia.org/wiki/Roseisle_distillery;;2010;;Borehole;7 wash stills7 spirit stills;10,000,000 L;;;;;;;;;;;;;;;57.677778;-3.474444;/wiki/File:Roseisle_Distillery_(geograph_1324249).jpg
Royal Brackla;Cawdor Estate, near Nairn, Highland;Highland;1812;John Dewar & Sons(Bacardi);;False;False;Malt Whisky;https://en.wikipedia.org/wiki/Royal_Brackla_distillery;;1812;Operational;Cawdor Burn, Cursack Springs and Airfield supply;2 wash stills, 2 spirit stills;3,500,000 litres (770,000 imp gal);;;;;;;;;;;;;;;57.542222;-3.915;/wiki/File:Royal_Brackla_Distillery_-_geograph.org.uk_-_1720026.jpg
Royal Lochnagar;Lochnagar, Royal Deeside;Highland;1845;Diageo;;False;False;Malt Whisky;https://en.wikipedia.org/wiki/Royal_Lochnagar_distillery;;January 1845;;Springs in the hills of Lochnagar[1];1 wash still (6,700 L)1 spirit still (3,720 L);450,000 litres;Royal Lochnagar;;;;John Begg;;;;;;;;;;57.016944;-3.203333;/wiki/File:Royal_Lochnagar_Distillery_Main_Building_2012.jpg
Saxa Vord;Isle of Unst;Island;2015;;;False;False;Malt Whisky;https://en.wikipedia.org/wiki/Saxa_Vord_distillery;;2015;;;;;https://www.shetlandreel.com/;;;;;;;;;;;;;;60.7978;-0.824;/wiki/File:Shetland_Reel_distillery.jpg
Scapa;Kirkwall, Orkney;Island;1885;Chivas Brothers(Pernod Ricard);;False;False;Malt Whisky;https://en.wikipedia.org/wiki/Scapa_distillery;;1885;Operational;Lingro Burn;1 wash still1 spirit still;1,000,000 litres;;;;;;;Skiren;;;;;;;;58.965833;-2.999722;/wiki/File:Scapa_-_panoramio.jpg
Speyburn;;Speyside;1897;Inver House Distillers;;False;False;Malt Whisky;https://en.wikipedia.org/wiki/Speyburn_distillery;;1897;Active;Granty Burn;1 wash still1 spirit still;1,000,000 litres;www.speyburn.com;;;;;;;;;;;;;;57.542222;-3.203333;/wiki/File:The_delightfully_located_Speyburn_Distillery_-_geograph.org.uk_-_3457103.jpg
Speyside;Kingussie;Speyside;1990;Harvey's of Edinburgh;;False;False;Malt Whisky;https://en.wikipedia.org/wiki/The_Speyside_distillery;;1990;;River Tromie;1 wash still1 spirit still;600,000 L;;;;;;;;;;;;;;;;;
Springbank;;Campbeltown;1828;J&A Mitchell & Company;;False;False;Malt Whisky;https://en.wikipedia.org/wiki/Springbank_distillery;;1828;Operational;Crosshill Loch;1 wash still (10,000 L)2 spirit still (6,000 L);750,000 litres yearly[1];;;10-year-old;BourbonSherryWine;;;;;;;;;;;55.423611;-5.61;/wiki/File:Springbank_Distillery,_Campbeltown.jpg
Strathearn;Methven;Highland;2013;Douglas Laing & Co;;False;False;Malt Whisky;https://en.wikipedia.org/wiki/Strathearn_distillery;;"2013; 12 years ago (2013)";;;1 wash still1 spirit still;;www.strathearndistillery.com;;;;;;;;;;;;;;56.389722;-3.626944;
Strathisla;Keith, Moray, Scotland;Speyside;1786;Chivas Brothers(Pernod Ricard);;False;False;Malt Whisky;https://en.wikipedia.org/wiki/Strathisla_distillery;;1786;Operational;The Broomhill Spring.;2 wash stills2 spirit stills;2,400,000 litres per annum;;;12 Years, 14 Years, 19 Years, 25 Years;American White Oak, Ex-Bourbon Casks (Main);;40% - 43%;Single malt;;;;;;;;57.54649;-2.95427;/wiki/File:Strathisla_Distillery_1.jpg
Strathmill;Keith, Moray;Speyside;1891;Diageo;;False;False;Malt Whisky;https://en.wikipedia.org/wiki/Strathmill_distillery;;1891;Operational;Local springs.;2 wash stills2 spirit stills;1,800,000 Litres per annum;;;;;;;;;;;;;;;57.542222;-2.965833;/wiki/File:Strathmill_Distillery_-_geograph.org.uk_-_1070412.jpg
Talisker;Carbost, Isle of Skye;Island;1830;Diageo;;False;False;Malt Whisky;https://en.wikipedia.org/wiki/Talisker_distillery;;1830;Active;Carbost / Cnoc nan Speireag (Hawk Hill);2 wash stills (10,000 L)3 spirit stills (7,479 L);3,500,000 L;;;10 Years18 Years25 Years30 Years35 Years;;;;;;;;;;;;57.305;-6.355833;/wiki/File:Talisker_distillery.jpg
Tamdhu;Knockando in Banffshire, Scotland[1];Speyside;1897;Ian Macleod Distillers[2];;False;False;Malt Whisky;https://en.wikipedia.org/wiki/Tamdhu_distillery;;1897[1];Operational;;3 wash stills3 spirit stills;4,500,000 litres;;1911–1912, 1928–1947, 2010–2013 [1];;;;;;;;;;;;;57.4575;-3.355833;/wiki/File:Tamdhu_Distillery_-_geograph.org.uk_-_3457031.jpg
Tamnavulin;Tomnavoulin, Ballindalloch, Banffshire, Scotland, United Kingdom;Speyside;1966;Whyte & Mackay;;False;False;Malt Whisky;https://en.wikipedia.org/wiki/Tamnavulin_distillery;;1966;Operational;Springs in Easterton;3 wash stills3 spirit stills;4,000,000 litres/year;;;;;;;;;;;;;;;57.321944;-3.305;/wiki/File:Tamnavulin_Distillery_-_geograph.org.uk_-_1947733.jpg
Teaninich;"Alness 57°41′30″N 4°15′38″W﻿ / ﻿57.691583°N 4.260639°W﻿ / 57.691583; -4.260639";Highland;1817;Diageo;;False;False;Malt Whisky;https://en.wikipedia.org/wiki/Teaninich_distillery;;1817;Open;Dairywell spring;6 wash stills6 spirit stills;9,300,000 L;;1939 to 1946, 1985 to 1991;;;Hugh Munro;;;;;;;;;;57.691583;-4.260639;/wiki/File:Teaninich_Distillery_-_geograph.org.uk_-_1140657.jpg
Tobermory;Isle of Mull, Scotland;Island;1798;Distell(Heineken N.V.);;False;False;Malt Whisky;https://en.wikipedia.org/wiki/Tobermory_distillery;;1798;Operational;;2 Wash stills2 Spirit stills;1,000,000 L;tobermorydistillery.com;;18 years old;;John Sinclair;46.3%;;;;;;;;;56.626944;-6.067778;/wiki/File:Tobermory_Distillery_(46047208591).jpg
Tomatin;Inverness;Highland;1897;Takara Shuzo Corp.;;False;False;Malt Whisky;https://en.wikipedia.org/wiki/Tomatin_distillery;;1897;Operational;Allt na Frìthe;6 wash stills6 spirit stills;5,050,000 litres per year;;;NAS, 12 Year Old, 21 Year Old;;;;Blended;;;;;;;;57.338889;-4.0;/wiki/File:Tomatin_Distillery_-_geograph.org.uk_-_1820656.jpg
Tomintoul;"Kirkmichael, near Tomintoul 57°18′43″N 3°24′45″W﻿ / ﻿57.312012°N 3.412366°W﻿ / 57.312012; -3.412366";Speyside;1964;Angus Dundee;;False;False;Malt Whisky;https://en.wikipedia.org/wiki/Tomintoul_distillery;;1964;Open;Ballantruan spring;2 wash stills2 spirit stills;3,300,000 litres of pure alcohol per year;http://www.tomintoulwhisky.com/;;no age indication;Oloroso and portwood finishes for the 12-year-old, other ages unspecified;Hey & Macleod and W. and S. Strong;40%;;;;;;;;;57.312012;-3.412366;/wiki/File:Tomintoul_Distillery_-_2008.jpg
Torabhaig;Teangue, Sleat, Scotland;Island;2017;Mossburn Distillers;;False;False;Malt Whisky;https://en.wikipedia.org/wiki/Torabhaig_distillery;;January 2017;;Allt Gleann Thorabhaig and the Allt Breacach;1 wash still1 spirit still;0.5 million-Lpa (liters of pure alcohol);torabhaig.com;;;;Sir Iain Noble;46%;;;;;;;;;57.101667;-5.847222;/wiki/File:Skye_Teangue_1.jpg
Tormore;;Speyside;1958;Elixir Distillers;;False;False;Malt Whisky;https://en.wikipedia.org/wiki/Tormore_distillery;;1958;Active;Allt an Torra Mhoir Burn;4 wash stills4 spirit stills;3,700,000 litres;;;;;;;;;;;;;;;57.389722;-3.406667;/wiki/File:Tormore_Distillery_-_geograph.org.uk_-_1493319.jpg
Tullibardine;Blackford, Perthshire;Highland;1949;Picard Vins & Spiritueux;;False;False;Malt Whisky;https://en.wikipedia.org/wiki/Tullibardine_distillery;;1949;Operational;Ochil Hills, Danny Burn;2 wash stills2 spirit stills;2,700,000 litres;;;;Bourbon, Sherry;;40;Single Malt;;;;;;;;56.254167;-3.796389;/wiki/File:Tullibardine_Distillery_-_geograph.org.uk_-_1801793.jpg
Uile-bheist;;Highland;2023;;;False;False;Malt Whisky;https://en.wikipedia.org/w/index.php?title=Uile-bheist&action=edit&redlink=1;;;;;;;;;;;;;;;;;;;;;;;
Wolfburn;Thurso, Caithness;Highland;1822;Aurora Brewing;;False;False;Malt Whisky;https://en.wikipedia.org/wiki/Wolfburn_distillery;;1821 (closed c. 1865 – reopened 2013);Operational;Wolf Burn;1 wash1 spirit;125,000 litres;;;;American Oak BourbonOak Quarter CaskBourbon Hogsheads Oloroso sherry;;;;;;;;;;;58.593056;-3.559167;/wiki/File:Wolfburn_logo.png
8 Doors;;Highland;2022;;;False;False;Malt Whisky;https://en.wikipedia.org/w/index.php?title=8_Doors_distillery&action=edit&redlink=1;;;;;;;;;;;;;;;;;;;;;;;
Cameronbridge;Fife;;1824;Diageo;;False;False;Grain Whisky;https://en.wikipedia.org/wiki/Cameronbridge_distillery;;1824;;River Leven;3 column stills;136 million litres;;;;;;;;;;;;;;;;;/wiki/File:Cameron_Bridge_Distillery_-_geograph.org.uk_-_96523.jpg
Girvan;South Ayrshire;;1963;William Grant & Sons;;False;False;Grain Whisky;https://en.wikipedia.org/wiki/Girvan_distillery;;1963;;River Girvan;5 columns stills;115 million litres per annum;Girvan distillery;;;;;;;;;;;;;;55.2618;-4.8335;/wiki/File:Grant%27s_Distillery,_Girvan_-_geograph.org.uk_-_262939.jpg
Invergordon;Easter Ross;;1959;Whyte & Mackay;;False;False;Grain Whisky;https://en.wikipedia.org/wiki/Invergordon_distillery;;1959;;Loch Glass;3 coffey stills;36,000,000 L;;;;;;;;;;;;;;;57.694722;-4.1525;/wiki/File:Scotland_%E2%80%93_Invergordon_-_Whyte_%5E_Mackay_Ltd_-_Whisky_Distilleries_-_panoramio.jpg
Loch Lomond;;;1964;Loch Lomond Distillery Company;;False;False;Grain Whisky;https://en.wikipedia.org/wiki/Loch_Lomond_distillery;;1964;Active;Borehole;4 wash stills4 spirit stills3 column stills;3,000,000 litres (malt) & 20,000,000 litres (grain);;;;;;;;;;;;;;;55.999722;-4.576111;/wiki/File:Loch_Lomond_Distillery_-_geograph.org.uk_-_2919725.jpg
North British;;;1885;;;False;False;Grain Whisky;https://en.wikipedia.org/wiki/North_British_distillery;;1885;;;;;www.thenorthbritish.co.uk;;;;Andrew Usher, William Sanderson, John M. Crabbie;;;;;;;;Private;Distillery, Scotch whisky;55.948889;-3.237222;/wiki/File:North_British_Distillery_Company_Ltd._sign.JPG
Starlaw;Livingston;;2010;La Martiniquaise;;False;False;Grain Whisky;https://en.wikipedia.org/wiki/Starlaw_distillery;;2010;;;5 columns stills;25,000,000 L;;;;;;;;;;;;;;;55.898056;-3.576111;/wiki/File:Starlaw_Distillery_-_geograph.org.uk_-_2605360.jpg
Strathclyde;Glasgow, Scotland;;1927;Pernod Ricard;;False;False;Grain Whisky;https://en.wikipedia.org/wiki/Strathclyde_distillery;;1927;Producing;Loch Katrine;2 column stills;40,000,000 L;;;;;;;;;;;;;;;55.8488;-4.241;/wiki/File:Strathclyde_Distillery_-_geograph.org.uk_-_2458880.jpg
Adelphi;Glasgow, Scotland;Lowland;;;1907;True;True;Malt Whisky;https://en.wikipedia.org/wiki/Adelphi_distillery;;1826;Closed/demolished;;;2,350,000 L;;;;;;;;;;;;;;;55.852597;-4.251844;
Albyn;;Campbeltown;;;1920;True;True;Malt Whisky;https://en.wikipedia.org/w/index.php?title=Albyn_distillery&action=edit&redlink=1;;;;;;;;;;;;;;;;;;;;;;;
Ardlussa;;Campbeltown;;;1927;True;True;Malt Whisky;https://en.wikipedia.org/w/index.php?title=Ardlussa_distillery&action=edit&redlink=1;;;;;;;;;;;;;;;;;;;;;;;
Argyll;;Campbeltown;;;1923;True;True;Malt Whisky;https://en.wikipedia.org/w/index.php?title=Argyll_distillery&action=edit&redlink=1;;;;;;;;;;;;;;;;;;;;;;;
Auchinblae;Auchenblae, Kincardine, Aberdeenshire, Scotland;Highland;;;1929;True;True;Malt Whisky;https://en.wikipedia.org/wiki/Auchinblae_distillery;;1895;Closed/demolished;;;;;;;;;;;;;;;;;;;;
Auchnagie;;Highland;;;1911;True;True;Malt Whisky;https://en.wikipedia.org/w/index.php?title=Auchnagie_distillery&action=edit&redlink=1;;;;;;;;;;;;;;;;;;;;;;;
Auchtermuchty;;Lowland;;;1926;True;False;Malt Whisky;https://en.wikipedia.org/w/index.php?title=Auchtermuchty_distillery&action=edit&redlink=1;;;;;;;;;;;;;;;;;;;;;;;
Auchtertool;;Lowland;;;1927;True;True;Malt Whisky;https://en.wikipedia.org/w/index.php?title=Auchtertool_distillery&action=edit&redlink=1;;;;;;;;;;;;;;;;;;;;;;;
Ballechin;Perthshire, Scotland;Highland;;;1927;True;True;Malt Whisky;https://en.wikipedia.org/wiki/Ballechin_distillery;;1810;Closed/demolished;;;;;;;;;;;;;;;;;;56.6622;-3.7397;
Banff;Banff, Aberdeenshire, Scotland;Speyside;;"James Simpson family (1863–1921)
Mile End Distillery Company (1921–1932)
The Distillers Company (1932–1986)
United Distillers (1986-1997)

Diageo (1997- )";1983;True;True;Malt Whisky;https://en.wikipedia.org/wiki/Banff_distillery;;1863;Closed/demolished;Springs on Fiskaidly farm;;;;;;;;;;;;;;;;;57.677778;-2.559167;/wiki/File:Site_of_former_Banff_Distillery_-_geograph.org.uk_-_2282536.jpg
Bankier;;Lowland;;;1928;True;True;Malt Whisky;https://en.wikipedia.org/w/index.php?title=Bankier_distillery&action=edit&redlink=1;;;;;;;;;;;;;;;;;;;;;;;
Benachie;;Highland;;;1915;True;True;Malt Whisky;https://en.wikipedia.org/w/index.php?title=Benachie_distillery&action=edit&redlink=1;;;;;;;;;;;;;;;;;;;;;;;
Benmore;;Campbeltown;;;1927;True;False;Malt Whisky;https://en.wikipedia.org/w/index.php?title=Benmore_distillery&action=edit&redlink=1;;;;;;;;;;;;;;;;;;;;;;;
Ben Morven;;Highland;;;1914;True;True;Malt Whisky;https://en.wikipedia.org/w/index.php?title=Ben_Morven_distillery&action=edit&redlink=1;;;;;;;;;;;;;;;;;;;;;;;
Ben Wyvis;Invergordon, Scotland;Highland;;Invergordon Distillers;1977;True;True;Malt Whisky;https://en.wikipedia.org/wiki/Ben_Wyvis_distillery;;1879;Closed/demolished;;1 wash, 1 spirit;;;;;;;;;;;;;;;;57.694722;-4.1525;/wiki/File:Ben_Wyvis_distillery_Alfred_Barnard.jpg
Bon Accord;;Highland;;;1913;True;True;Malt Whisky;https://en.wikipedia.org/w/index.php?title=Bon_Accord_distillery&action=edit&redlink=1;;;;;;;;;;;;;;;;;;;;;;;
Burnside;;Campbeltown;;;1919;True;True;Malt Whisky;https://en.wikipedia.org/w/index.php?title=Burnside_distillery&action=edit&redlink=1;;;;;;;;;;;;;;;;;;;;;;;
Caledonian;;Campbeltown;;;1842;True;True;Malt Whisky;https://en.wikipedia.org/w/index.php?title=Caledonian_distillery&action=edit&redlink=1;;;;;;;;;;;;;;;;;;;;;;;
Campbeltown;;Campbeltown;;;1924;True;True;Malt Whisky;https://en.wikipedia.org/w/index.php?title=Campbeltown_distillery&action=edit&redlink=1;;;;;;;;;;;;;;;;;;;;;;;
Caperdonich;Rothes, Scotland;Speyside;;Chivas Brothers;2002;True;True;Malt Whisky;https://en.wikipedia.org/wiki/Caperdonich_distillery;;1898;Closed/demolished;Caperdonich Burn;2 wash, 2 spirit;;;;;;;;;;;;;;;;57.525278;-3.203333;
Clydesdale;;Lowland;;;1919;True;True;Malt Whisky;https://en.wikipedia.org/w/index.php?title=Clydesdale_distillery&action=edit&redlink=1;;;;;;;;;;;;;;;;;;;;;;;
Coleburn;Longmorn, Elgin, Scotland;Speyside;;Winchester Brothers (site)Coleburn Distillery Ltd (brand);1985;True;False;Malt Whisky;https://en.wikipedia.org/wiki/Coleburn_distillery;;1897;Mothballed;;;;;1985;;;John Robertson & Son Ltd.;;;;;;;;;;57.593056;-3.271111;/wiki/File:Coleburn_Distillery_-_geograph.org.uk_-_59526.jpg
Convalmore;Dufftown, Moray, Scotland;Speyside;;William Grant & Sons;1985;True;False;Malt Whisky;https://en.wikipedia.org/wiki/Convalmore_distillery;;"1893; 132 years ago (1893)";Converted into a whisky warehouse facility;Springs in the Conval Hills;;;;;;;;;;;;;;;;;;;/wiki/File:Convalmore_Distillery,_Dufftown._-_geograph.org.uk_-_162578.jpg
Dalaruan;;Campbeltown;;;1922;True;True;Malt Whisky;https://en.wikipedia.org/w/index.php?title=Dalaruan_distillery&action=edit&redlink=1;;;;;;;;;;;;;;;;;;;;;;;
Dalintober;;Campbeltown;;;1925;True;True;Malt Whisky;https://en.wikipedia.org/w/index.php?title=Dalintober_distillery&action=edit&redlink=1;;;;;;;;;;;;;;;;;;;;;;;
Dallas Dhu;Forres, Moray, Scotland;Speyside;;"Alexander Edward (1898)
Wright & Greig Ltd. (1899–1918)
J. P. O'Brian & Co. (1919–1920)
Benmore Distilleries Ltd. (1921–1928)
Distillers Company (1929–1983)

Historic Scotland (1992–present)";1983;True;False;Malt Whisky;https://en.wikipedia.org/wiki/Dallas_Dhu_distillery;;1899;Museum since 1992;Altyre Burn;1 wash 6,300l , 1 spirit 5,600l[1];;;;;;;40% – 43%;Single malt;;;;;;;;57.593056;-3.61;/wiki/File:Dallas_Dhu_Distillery_-_geograph.org.uk_-_1275480.jpg
Dean;;Lowland;;;1922;True;True;Malt Whisky;https://en.wikipedia.org/w/index.php?title=Dean_distillery&action=edit&redlink=1;;;;;;;;;;;;;;;;;;;;;;;
Devanha;;Highland;;;1915;True;True;Malt Whisky;https://en.wikipedia.org/w/index.php?title=Devanha_distillery&action=edit&redlink=1;;;;;;;;;;;;;;;;;;;;;;;
Drumcaldie;;Lowland;;;1903;True;True;Malt Whisky;https://en.wikipedia.org/w/index.php?title=Drumcaldie_distillery&action=edit&redlink=1;;;;;;;;;;;;;;;;;;;;;;;
Drumore;;Campbeltown;;;1847;True;True;Malt Whisky;https://en.wikipedia.org/w/index.php?title=Drumore_distillery&action=edit&redlink=1;;;;;;;;;;;;;;;;;;;;;;;
Edinburgh;;Lowland;;;1925;True;True;Malt Whisky;https://en.wikipedia.org/w/index.php?title=Edinburgh_distillery&action=edit&redlink=1;;;;;;;;;;;;;;;;;;;;;;;
Finnieston;;Lowland;;;1827;True;True;Malt Whisky;https://en.wikipedia.org/w/index.php?title=Finnieston_distillery&action=edit&redlink=1;;;;;;;;;;;;;;;;;;;;;;;
Fortrose;;Highland;;;1852;True;True;Malt Whisky;https://en.wikipedia.org/w/index.php?title=Fortrose_distillery&action=edit&redlink=1;;;;;;;;;;;;;;;;;;;;;;;
Glen Albyn;"Inverness57°28′54″N 4°14′50″W﻿ / ﻿57.481629°N 4.247189°W﻿ / 57.481629; -4.247189";Highland;;Oliver Haiste;1983;True;True;Malt Whisky;https://en.wikipedia.org/wiki/Glen_Albyn_distillery;;1846;Closed/demolished;Loch Ness;;;;1850 to 1852,  1866 to 1884,  1917 to 1919,  1983 to 1988;;;;;;;;;;;;;57.481629;-4.247189;
Glenaden;;Highland;;;1915;True;True;Malt Whisky;https://en.wikipedia.org/w/index.php?title=Glenaden_distillery&action=edit&redlink=1;;;;;;;;;;;;;;;;;;;;;;;
Glencawdor;;Highland;;;1927;True;True;Malt Whisky;https://en.wikipedia.org/w/index.php?title=Glencawdor_distillery&action=edit&redlink=1;;;;;;;;;;;;;;;;;;;;;;;
Glencoull;;Highland;;;1927;True;True;Malt Whisky;https://en.wikipedia.org/w/index.php?title=Glencoull_distillery&action=edit&redlink=1;;;;;;;;;;;;;;;;;;;;;;;
Glenesk;Montrose, Angus, Scotland;Highland;;Diageo;1985;True;True;Malt Whisky;https://en.wikipedia.org/wiki/Glenesk_distillery;;1897;Closed/demolished;North Esk river;;;;1985-1996;;;James Isle;;;;;;;;;;56.745556;-2.4575;/wiki/File:Maltings_and_Distillery_near_Hillside.jpg
Glen Flagler;Airdrie, North Lanarkshire, Scotland;Lowland;;Inver House Distillers;1985;True;False;Malt Whisky;https://en.wikipedia.org/wiki/Glen_Flagler_distillery;;1965;Converted into a whisky warehouse facility;Lily Loch;;;;;;;;;;;;;;;;;55.864167;-3.931944;/wiki/File:Inver_House_Distillery_-_geograph.org.uk_-_199139.jpg
Glenfoyle;;Highland;;;1923;True;True;Malt Whisky;https://en.wikipedia.org/w/index.php?title=Glenfoyle_distillery&action=edit&redlink=1;;;;;;;;;;;;;;;;;;;;;;;
Glengilp;Ardrishaig;Highland;;;1937;True;True;Malt Whisky;https://en.wikipedia.org/wiki/Glengilp_distillery;;1831 (1831);Closed/demolished;;3;80,000 gallons per annum in 1886;;1937;;;Henry Hoey;;;;;;;;;;;;/wiki/File:Glenfyne_Distillery.png
Gleniffer;;Lowland;;;1894;True;True;Malt Whisky;https://en.wikipedia.org/w/index.php?title=Gleniffer_distillery&action=edit&redlink=1;;;;;;;;;;;;;;;;;;;;;;;
Glenlochy;Fort William, Scotland;Highland;;Diageo;1983;True;True;Malt Whisky;https://en.wikipedia.org/wiki/Glenlochy_distillery;;1898;Closed/demolished;River Nevis;;;;;;;;;;;;;;;;;56.830278;-5.084722;/wiki/File:Glenlochy_Distillery_-_geograph.org.uk_-_3414282.jpg
Glenmavis;;Lowland;;;1910;True;True;Malt Whisky;https://en.wikipedia.org/w/index.php?title=Glenmavis_distillery&action=edit&redlink=1;;;;;;;;;;;;;;;;;;;;;;;
Glen Mhor;Inverness, Scotland;Highland;;Diageo;1983;True;True;Malt Whisky;https://en.wikipedia.org/wiki/Glen_Mhor_distillery;;1892;Closed/demolished;Loch Ness;;;;;;;;;;;;;;;;;57.474444;-4.237222;
Glen Nevis;;Campbeltown;;;1923;True;True;Malt Whisky;https://en.wikipedia.org/w/index.php?title=Glen_Nevis_distillery&action=edit&redlink=1;;;;;;;;;;;;;;;;;;;;;;;
Glenramskill;;Campbeltown;;;1854;True;True;Malt Whisky;https://en.wikipedia.org/w/index.php?title=Glenramskill_distillery&action=edit&redlink=1;;;;;;;;;;;;;;;;;;;;;;;
Glenside;;Campbeltown;;;1926;True;True;Malt Whisky;https://en.wikipedia.org/w/index.php?title=Glenside_distillery&action=edit&redlink=1;;;;;;;;;;;;;;;;;;;;;;;
Glenskiach;;Highland;;;1926;True;True;Malt Whisky;https://en.wikipedia.org/w/index.php?title=Glenskiach_distillery&action=edit&redlink=1;;;;;;;;;;;;;;;;;;;;;;;
Glentarras;;Lowland;;;1914;True;True;Malt Whisky;https://en.wikipedia.org/w/index.php?title=Glentarras_distillery&action=edit&redlink=1;;;;;;;;;;;;;;;;;;;;;;;
Glenugie;Peterhead, Scotland;Highland;;Chivas Brothers;1983;True;True;Malt Whisky;https://en.wikipedia.org/wiki/Glenugie_distillery;;1831;Closed/demolished;Wellington Spring;1 wash, 1 spirit;;;;;;;;;;;;;;;;57.491389;-1.796389;/wiki/File:Glenugie_distillery.jpg
Glenury;Stonehaven, Scotland;Highland;;Diageo;1985;True;True;Malt Whisky;https://en.wikipedia.org/wiki/Glenury_distillery;;1825;Closed/demolished;River Cowie;2 wash, 2 spirit;;;;;;;;;;;;;;;;56.982778;-2.203333;/wiki/File:Glenury_distillery_preserved_chimney_base_4.jpg
Grandtully;;Highland;;;1910;True;True;Malt Whisky;https://en.wikipedia.org/w/index.php?title=Grandtully_distillery&action=edit&redlink=1;;;;;;;;;;;;;;;;;;;;;;;
Grange;;Lowland;;;1925;True;True;Malt Whisky;https://en.wikipedia.org/w/index.php?title=Grange_distillery&action=edit&redlink=1;;;;;;;;;;;;;;;;;;;;;;;
Greenock;;Lowland;;;1915;True;True;Malt Whisky;https://en.wikipedia.org/w/index.php?title=Greenock_distillery&action=edit&redlink=1;;;;;;;;;;;;;;;;;;;;;;;
Highland;;Campbeltown;;;1852;True;True;Malt Whisky;https://en.wikipedia.org/w/index.php?title=Highland_whisky_distillery&action=edit&redlink=1;;;;;;;;;;;;;;;;;;;;;;;
Hazelburn;Campbeltown, Scotland;Campbeltown;;;1925;True;True;Malt Whisky;https://en.wikipedia.org/wiki/Hazelburn_distillery;;1825;Closed/demolished;;;;;;;;;;;;;;;;;;55.4284;-5.6097;
Imperial;Carron, Strathspey, Scotland;Speyside;;Chivas Brothers;1998;True;True;Malt Whisky;https://en.wikipedia.org/wiki/Imperial_distillery;;1897 (1897);Closed/demolished;;;;;1899-19191925-19551985-19911998;;;;;;;;;;;;;57.4575;-3.305;/wiki/File:Imperial_Distillery_-_geograph.org.uk_-_6977.jpg
Inverleven;Dumbarton, Scotland;Lowland;;Chivas Brothers;1991;True;True;Malt Whisky;https://en.wikipedia.org/wiki/Inverleven_distillery;;1938;Closed/demolished;Loch Lomond;;;;;;;;;;;;;;;;;;;/wiki/File:River_Leven_at_Dumbarton_-_geograph.org.uk_-_366291.jpg
Isla;;Highland;;;1926;True;True;Malt Whisky;https://en.wikipedia.org/w/index.php?title=Isla_distillery&action=edit&redlink=1;;;;;;;;;;;;;;;;;;;;;;;
Kinclaith;Glasgow, Scotland, UK;Lowland;;Chivas Brothers;1976;True;True;Malt Whisky;https://en.wikipedia.org/wiki/Kinclaith_distillery;;1957;Closed/demolished;Loch Katrine;;;;;;;;;;;;;;;;;55.847222;-4.237222;
Kinloch;;Campbeltown;;;1926;True;True;Malt Whisky;https://en.wikipedia.org/w/index.php?title=Kinloch_distillery&action=edit&redlink=1;;;;;;;;;;;;;;;;;;;;;;;
Kintyre;;Campbeltown;;;1920;True;True;Malt Whisky;https://en.wikipedia.org/w/index.php?title=Kintyre_distillery&action=edit&redlink=1;;;;;;;;;;;;;;;;;;;;;;;
Ladyburn;South Ayrshire, Scotland;Lowland;;William Grant & Sons Ltd.;1975;True;True;Malt Whisky;https://en.wikipedia.org/wiki/Ladyburn_distillery;;1966;Closed/demolished;Penwapple Reservoir;2 wash, 2 spirit;;;;;;;;;;;;;;;;55.254167;-4.830278;/wiki/File:Grant%27s_Distillery,_Girvan_-_geograph.org.uk_-_262939.jpg
Langholm;;Lowland;;;1917;True;True;Malt Whisky;https://en.wikipedia.org/w/index.php?title=Langholm_distillery&action=edit&redlink=1;;;;;;;;;;;;;;;;;;;;;;;
Littlemill;Bowling, West Dunbartonshire, Scotland;Lowland;;Loch Lomond Distillery;1992;True;True;Malt Whisky;https://en.wikipedia.org/wiki/Littlemill_distillery;;1772;Closed/demolished;Kilpatrick Springs;;;;1929 to 1931, 1984 to 1989;;;;;;;;;;;;;;;/wiki/File:Littlemill_distillery,_2012.jpg
Loch Katrine;;Lowland;;;1920;True;True;Malt Whisky;https://en.wikipedia.org/w/index.php?title=Loch_Katrine_distillery&action=edit&redlink=1;;;;;;;;;;;;;;;;;;;;;;;
Lochside;Montrose, Angus;Highland;;Chivas Brothers;1992;True;True;Malt Whisky;https://en.wikipedia.org/wiki/Lochside_distillery;;1957;Closed/demolished;Borehole aquifer;;;;1992;;;;;;;;;;;;;56.728611;-2.474444;/wiki/File:Lochside_Distillery_-_geograph.org.uk_-_253454.jpg
Lochhead;;Campbeltown;;;1928;True;True;Malt Whisky;https://en.wikipedia.org/w/index.php?title=Lochhead_distillery&action=edit&redlink=1;;;;;;;;;;;;;;;;;;;;;;;
Lochruan;;Campbeltown;;;1925;True;True;Malt Whisky;https://en.wikipedia.org/w/index.php?title=Lochruan_distillery&action=edit&redlink=1;;;;;;;;;;;;;;;;;;;;;;;
Longrow;;Campbeltown;;;1896;True;True;Malt Whisky;https://en.wikipedia.org/w/index.php?title=Longrow_distillery&action=edit&redlink=1;;;;;;;;;;;;;;;;;;;;;;;
Meadowburn;;Campbeltown;;;1882;True;True;Malt Whisky;https://en.wikipedia.org/w/index.php?title=Meadowburn_distillery&action=edit&redlink=1;;;;;;;;;;;;;;;;;;;;;;;
Millburn;Inverness, Scotland;Highland;;DCL;1985;True;True;Malt Whisky;https://en.wikipedia.org/wiki/Millburn_distillery;;1807;Closed/demolished;Loch Duntelchaig;1 wash, 1 spirit;;;;;;;;;;;;;;;;57.474444;-4.203333;/wiki/File:The_Auld_Distillery,_Inverness_(geograph_2707027).jpg
Mossfield;;Campbeltown;;;1837;True;True;Malt Whisky;https://en.wikipedia.org/w/index.php?title=Mossfield_distillery&action=edit&redlink=1;;;;;;;;;;;;;;;;;;;;;;;
North Port;Brechin, Angus;Highland;;Diageo;1983;True;True;Malt Whisky;https://en.wikipedia.org/wiki/North_Port_distillery;;1820;Closed/demolished;River South Esk;;;;1983;;;;;;;;;;;;;56.745556;-2.660833;
Parkmore;Dufftown, Scotland;Speyside;;Edrington;1988;True;False;Malt Whisky;https://en.wikipedia.org/wiki/Parkmore_distillery;;1894;Converted into a whisky warehouse facility;;;;;;;;;;;;;;;;;;57.4575;-3.118611;/wiki/File:Parkmore_Distillery,_Dufftown_-_geograph.org.uk_-_162719.jpg
Pittyvaich;Dufftown, Scotland;Speyside;;Diageo;1993;True;True;Malt Whisky;https://en.wikipedia.org/wiki/Pittyvaich_distillery;;1974;Closed/demolished;Bailliemore & Convalleys springs;;;;;;;;;;;;;;;;;57.440556;-3.118611;/wiki/File:Pittyvaich_Distillery,_Dufftown._-_geograph.org.uk_-_162562.jpg
Port Charlotte;Islay;Islay;;The Bruichladdich Distillery Co. Ltd;1929;True;False;Malt Whisky;https://en.wikipedia.org/wiki/Port_Charlotte_distillery;;1829;Converted into a whisky warehouse facility;;;;;1929-2009;;;;;;;;;;;;;55.745556;-6.372778;/wiki/File:Port_Charlotte_distillery_(disused)_-_geograph.org.uk_-_2143359.jpg
Provanmill;;Lowland;;;1922;True;True;Malt Whisky;https://en.wikipedia.org/w/index.php?title=Provanmill_distillery&action=edit&redlink=1;;;;;;;;;;;;;;;;;;;;;;;
Saucel;;Lowland;;;1915;True;True;Malt Whisky;https://en.wikipedia.org/w/index.php?title=Saucel_distillery&action=edit&redlink=1;;;;;;;;;;;;;;;;;;;;;;;
Springside;;Campbeltown;;;1926;True;True;Malt Whisky;https://en.wikipedia.org/w/index.php?title=Springside_distillery&action=edit&redlink=1;;;;;;;;;;;;;;;;;;;;;;;
St. Magdalene;Linlithgow, Scotland;Lowland;;Diageo;1983;True;False;Malt Whisky;https://en.wikipedia.org/wiki/St_Magdalene_distillery;;1798;Closed/buildings were converted into apartments;Loch Lomond;1 wash, 1 spirit;;;;;;;;;;;;;;;;55.982778;-3.593056;/wiki/File:Old_St_Magdalene%27s_Distillery_-_geograph.org.uk_-_554867.jpg
Strathdee;Aberdeen, Scotland;Highland;;Strathdee Distillery Co;1942;True;True;Malt Whisky;https://en.wikipedia.org/wiki/Strathdee_distillery;;1821;Closed/demolished;Manofield Burn;1 wash, 1 spirit;;;;;;;;;;;;;;;;;;
Stromness;;Highland;;;1928;True;True;Malt Whisky;https://en.wikipedia.org/w/index.php?title=Stromness_distillery&action=edit&redlink=1;;;;;;;;;;;;;;;;;;;;;;;
Stronarchie;;Highland;;;1928;True;True;Malt Whisky;https://en.wikipedia.org/w/index.php?title=Stronarchie_distillery&action=edit&redlink=1;;;;;;;;;;;;;;;;;;;;;;;
Tambovie;;Lowland;;;1914;True;True;Malt Whisky;https://en.wikipedia.org/w/index.php?title=Tambovie_distillery&action=edit&redlink=1;;;;;;;;;;;;;;;;;;;;;;;
Thistle;;Campbeltown;;;1837;True;True;Malt Whisky;https://en.wikipedia.org/w/index.php?title=Thistle_distillery&action=edit&redlink=1;;;;;;;;;;;;;;;;;;;;;;;
Toberanrigh;;Campbeltown;;;1860;True;True;Malt Whisky;https://en.wikipedia.org/w/index.php?title=Toberanrigh_distillery&action=edit&redlink=1;;;;;;;;;;;;;;;;;;;;;;;
Towiemore;Botriphnie, Scotland;Highland;;The Lost Distillery Company’;1930;True;True;Malt Whisky;https://en.wikipedia.org/wiki/Towiemore_distillery;;1896;Closed/demolished;;1 wash, 1 spirit;;;;;;;;;;;;;;;;;;
Union;;Campbeltown;;;1850;True;True;Malt Whisky;https://en.wikipedia.org/w/index.php?title=Union_distillery&action=edit&redlink=1;;;;;;;;;;;;;;;;;;;;;;;
West Highland;;Campbeltown;;;1852;True;True;Malt Whisky;https://en.wikipedia.org/w/index.php?title=West_Highland_distillery&action=edit&redlink=1;;;;;;;;;;;;;;;;;;;;;;;
Caledonian;;;;;1988;True;True;Grain Whisky;https://en.wikipedia.org/w/index.php?title=Caledonian_grain_distillery&action=edit&redlink=1;;;;;;;;;;;;;;;;;;;;;;;
Cambus;;;;;1993;True;False;Grain Whisky;https://en.wikipedia.org/wiki/Cambus,_Clackmannanshire#Distillery;;;;;;;;;;;;;;;;;;;;;56.123685;-3.844224;/wiki/File:Cambus_-_geograph.org.uk_-_1758141.jpg
Carsebridge;;;;;1983;True;True;Grain Whisky;https://en.wikipedia.org/w/index.php?title=Carsebridge_distillery&action=edit&redlink=1;;;;;;;;;;;;;;;;;;;;;;;
Dumbarton;;;;;2002;True;True;Grain Whisky;https://en.wikipedia.org/wiki/Dumbarton#Whisky;;;;;;;;;;;;;;;;;;;;;55.95;-4.566667;/wiki/File:Dumbarton_from_Priestyard,_Renfrewshire.jpg
Dundashill;;;;;1902;True;False;Grain Whisky;https://en.wikipedia.org/w/index.php?title=Dundashill_distillery&action=edit&redlink=1;;;;;;;;;;;;;;;;;;;;;;;
Garnheath;;;;;1986;True;True;Grain Whisky;https://en.wikipedia.org/wiki/Garnheath_distillery;;1964;;;;;;;;;S. S. Neuman;;;;;;;;;Drink industry;;;/wiki/File:Inver_House_Distillery_-_geograph.org.uk_-_199139.jpg
Gartloch;;;;;1920;True;True;Grain Whisky;https://en.wikipedia.org/w/index.php?title=Gartloch_distillery&action=edit&redlink=1;;;;;;;;;;;;;;;;;;;;;;;
Kirkliston;;;;;1920;True;False;Grain Whisky;https://en.wikipedia.org/w/index.php?title=Kirkliston_distillery&action=edit&redlink=1;;;;;;;;;;;;;;;;;;;;;;;
North of Scotland;;;;;1980;True;True;Grain Whisky;https://en.wikipedia.org/w/index.php?title=North_of_Scotland_grain_distillery&action=edit&redlink=1;;;;;;;;;;;;;;;;;;;;;;;
Port Dundas;;;;;2010;True;True;Grain Whisky;https://en.wikipedia.org/wiki/Port_Dundas#Port_Dundas_Grain_Distillery;;;;;;;;;;;;;;;;;;;;;55.881111;-4.254167;
